id,first_name,last_name,email,gender,ip_address
1,Antonio,Adams,aadams0@mail.ru,Male,126.244.76.21
2,Carl,Chavez,cchavez1@cafepress.com,Male,49.87.74.17
3,Kenneth,Henderson,khenderson2@java.com,Male,172.2.3.201
4,Martin,Webb,mwebb3@un.org,Male,208.82.112.40
5,Dorothy,Diaz,ddiaz4@google.de,Female,252.224.173.117
6,Raymond,Rivera,rrivera5@marriott.com,Male,225.205.173.25
7,Virginia,Rodriguez,vrodriguez6@scribd.com,Female,125.168.185.44
8,Patrick,Crawford,pcrawford7@so-net.ne.jp,Male,16.47.139.2
9,Beverly,Schmidt,bschmidt8@ucoz.com,Female,207.108.115.50
10,Robert,Hughes,rhughes9@drupal.org,Male,145.221.138.35
11,Joyce,Foster,jfostera@moonfruit.com,Female,80.5.107.41
12,Richard,Henderson,rhendersonb@altervista.org,Male,196.72.127.59
13,Nancy,Lawrence,nlawrencec@slate.com,Female,50.27.80.18
14,Louis,Howard,lhowardd@gravatar.com,Male,45.213.84.171
15,Andrew,Price,apricee@is.gd,Male,85.198.249.247
16,Gary,Lawson,glawsonf@chicagotribune.com,Male,91.245.152.34
17,Amy,Schmidt,aschmidtg@sfgate.com,Female,218.28.245.247
18,Stephen,Gibson,sgibsonh@washingtonpost.com,Male,149.203.245.195
19,William,Watson,wwatsoni@studiopress.com,Male,220.85.189.38
20,Judith,Allen,jallenj@bandcamp.com,Female,63.209.118.104
21,Billy,Smith,bsmithk@behance.net,Male,82.174.195.72
22,Julie,Fox,jfoxl@scribd.com,Female,227.248.225.27
23,Dorothy,Thompson,dthompsonm@github.com,Female,60.189.186.158
24,Ruth,Nichols,rnicholsn@yahoo.com,Female,90.94.215.254
25,Jason,Hernandez,jhernandezo@rakuten.co.jp,Male,180.175.179.255
26,Doris,Perez,dperezp@wsj.com,Female,206.35.72.0
27,Betty,White,bwhiteq@themeforest.net,Female,55.251.134.95
28,Annie,Mendoza,amendozar@noaa.gov,Female,246.243.173.74
29,Marie,Harris,mharriss@archive.org,Female,130.224.232.136
30,Shawn,Jacobs,sjacobst@wikispaces.com,Male,72.84.65.93
31,Rebecca,Burns,rburnsu@mail.ru,Female,129.55.155.147
32,Andrew,Rice,aricev@nature.com,Male,205.20.101.12
33,Elizabeth,Mitchell,emitchellw@aol.com,Female,14.38.211.7
34,Phillip,Clark,pclarkx@alibaba.com,Male,15.5.208.79
35,Julia,Patterson,jpattersony@istockphoto.com,Female,224.1.1.184
36,Margaret,Lee,mleez@moonfruit.com,Female,2.96.36.75
37,Jennifer,Chavez,jchavez10@instagram.com,Female,249.216.6.47
38,Kathryn,Porter,kporter11@gnu.org,Female,197.201.241.29
39,Brenda,Franklin,bfranklin12@wunderground.com,Female,68.185.82.8
40,Aaron,Lopez,alopez13@instagram.com,Male,72.195.50.234
41,Angela,Ward,award14@narod.ru,Female,110.4.101.229
42,Antonio,Gray,agray15@ifeng.com,Male,245.1.182.148
43,Linda,Fields,lfields16@tmall.com,Female,19.181.252.80
44,Thomas,Williams,twilliams17@zdnet.com,Male,144.17.219.151
45,Margaret,Roberts,mroberts18@networkadvertising.org,Female,180.134.172.135
46,Marie,Coleman,mcoleman19@home.pl,Female,22.218.128.205
47,Charles,Mason,cmason1a@technorati.com,Male,240.22.152.50
48,Janet,Thompson,jthompson1b@vkontakte.ru,Female,8.93.142.255
49,Albert,Thomas,athomas1c@friendfeed.com,Male,139.36.117.16
50,Judy,Bishop,jbishop1d@jalbum.net,Female,162.86.219.19
51,Gary,Burton,gburton1e@ebay.com,Male,42.209.17.126
52,Philip,Reynolds,preynolds1f@topsy.com,Male,215.250.246.111
53,Craig,West,cwest1g@paginegialle.it,Male,229.72.111.84
54,Philip,Wilson,pwilson1h@redcross.org,Male,173.167.209.191
55,Rachel,Chapman,rchapman1i@purevolume.com,Female,111.111.159.15
56,Antonio,Nelson,anelson1j@pen.io,Male,18.122.10.85
57,Andrea,Gilbert,agilbert1k@washingtonpost.com,Female,201.143.122.149
58,Louis,Rogers,lrogers1l@bloglines.com,Male,119.159.76.247
59,Andrew,Moore,amoore1m@mtv.com,Male,201.231.98.219
60,Mary,Taylor,mtaylor1n@walmart.com,Female,156.90.143.36
61,Craig,Ray,cray1o@is.gd,Male,197.155.132.64
62,Joshua,Dunn,jdunn1p@deviantart.com,Male,100.136.39.88
63,Gloria,Sanders,gsanders1q@bloomberg.com,Female,34.215.48.73
64,Dorothy,Cole,dcole1r@youku.com,Female,203.138.23.154
65,Jesse,Wright,jwright1s@usda.gov,Male,163.146.185.11
66,Peter,Gibson,pgibson1t@msu.edu,Male,172.154.238.63
67,Brenda,Wright,bwright1u@canalblog.com,Female,207.92.94.83
68,Donna,Olson,dolson1v@shinystat.com,Female,239.17.254.139
69,Justin,Davis,jdavis1w@aboutads.info,Male,45.139.170.152
70,Amanda,Cox,acox1x@lycos.com,Female,208.41.26.184
71,Ashley,Jacobs,ajacobs1y@nbcnews.com,Female,31.4.194.198
72,Dorothy,George,dgeorge1z@acquirethisname.com,Female,236.154.62.53
73,Ruby,Montgomery,rmontgomery20@pinterest.com,Female,244.209.143.90
74,Patricia,Brown,pbrown21@wufoo.com,Female,173.241.211.246
75,Betty,Boyd,bboyd22@cloudflare.com,Female,96.171.28.243
76,Rose,Long,rlong23@1688.com,Female,208.72.213.27
77,Lisa,Parker,lparker24@github.com,Female,93.109.142.111
78,Teresa,Phillips,tphillips25@webs.com,Female,60.143.2.96
79,Martha,Scott,mscott26@umich.edu,Female,102.226.188.212
80,Mary,Allen,mallen27@google.pl,Female,177.173.74.130
81,Catherine,Carr,ccarr28@google.com.au,Female,228.32.168.160
82,Kathryn,Richards,krichards29@angelfire.com,Female,246.142.51.1
83,Gloria,Burton,gburton2a@sitemeter.com,Female,121.20.135.201
84,Todd,Warren,twarren2b@ebay.com,Male,92.190.70.28
85,Doris,Cox,dcox2c@imgur.com,Female,24.221.198.175
86,Nicholas,Hawkins,nhawkins2d@360.cn,Male,240.60.60.204
87,Jimmy,Ross,jross2e@lulu.com,Male,186.85.183.232
88,Jimmy,Duncan,jduncan2f@symantec.com,Male,83.10.146.85
89,Pamela,Porter,pporter2g@tamu.edu,Female,6.165.134.166
90,John,Sims,jsims2h@csmonitor.com,Male,231.131.105.234
91,Heather,Snyder,hsnyder2i@ebay.com,Female,68.94.182.11
92,Janet,Peters,jpeters2j@spiegel.de,Female,229.161.70.17
93,Jacqueline,Fernandez,jfernandez2k@samsung.com,Female,182.221.63.83
94,Mary,Howard,mhoward2l@comsenz.com,Female,69.52.250.189
95,Mary,Riley,mriley2m@exblog.jp,Female,83.231.169.72
96,Timothy,Jackson,tjackson2n@foxnews.com,Male,66.220.43.70
97,Christopher,Owens,cowens2o@google.co.uk,Male,208.12.210.223
98,Lawrence,Hughes,lhughes2p@twitpic.com,Male,54.195.53.32
99,Peter,Wheeler,pwheeler2q@europa.eu,Male,20.181.161.92
100,Stephanie,Morgan,smorgan2r@rakuten.co.jp,Female,194.75.190.83
101,Melissa,Ferguson,mferguson2s@oaic.gov.au,Female,177.176.237.17
102,Kathleen,Jordan,kjordan2t@vinaora.com,Female,175.38.59.111
103,Gregory,Morrison,gmorrison2u@sohu.com,Male,99.127.80.96
104,Jonathan,Evans,jevans2v@biblegateway.com,Male,57.51.12.101
105,Diane,Perkins,dperkins2w@miibeian.gov.cn,Female,13.217.178.242
106,Annie,Morrison,amorrison2x@taobao.com,Female,154.144.252.24
107,Steven,Reed,sreed2y@cargocollective.com,Male,234.143.249.108
108,Paul,Carr,pcarr2z@omniture.com,Male,96.161.94.68
109,Jerry,Armstrong,jarmstrong30@jimdo.com,Male,182.112.110.109
110,Linda,Scott,lscott31@nationalgeographic.com,Female,217.19.194.49
111,William,Harris,wharris32@chicagotribune.com,Male,143.132.170.68
112,Albert,Welch,awelch33@lycos.com,Male,166.83.89.252
113,Charles,Watson,cwatson34@w3.org,Male,83.245.53.164
114,Anna,Green,agreen35@cbsnews.com,Female,133.226.59.68
115,Craig,Dixon,cdixon36@istockphoto.com,Male,167.129.178.172
116,Charles,Shaw,cshaw37@squidoo.com,Male,23.38.43.187
117,Rose,Hayes,rhayes38@example.com,Female,42.51.12.75
118,Howard,Greene,hgreene39@admin.ch,Male,224.202.8.153
119,Peter,Morgan,pmorgan3a@google.com.au,Male,61.168.68.96
120,Clarence,Jackson,cjackson3b@icio.us,Male,96.237.188.243
121,Edward,Hawkins,ehawkins3c@ocn.ne.jp,Male,162.237.211.65
122,Carlos,White,cwhite3d@wired.com,Male,91.175.8.190
123,Douglas,Matthews,dmatthews3e@state.tx.us,Male,110.86.97.18
124,Raymond,Parker,rparker3f@photobucket.com,Male,93.20.112.37
125,Marilyn,Rivera,mrivera3g@elpais.com,Female,7.134.36.109
126,Jerry,Cooper,jcooper3h@independent.co.uk,Male,150.71.58.122
127,Patrick,Ruiz,pruiz3i@rambler.ru,Male,168.150.199.91
128,Stephanie,Hudson,shudson3j@tamu.edu,Female,143.101.117.186
129,Frank,Anderson,fanderson3k@alexa.com,Male,139.251.169.80
130,Nicholas,Burns,nburns3l@nydailynews.com,Male,112.238.170.70
131,Philip,Graham,pgraham3m@earthlink.net,Male,247.91.71.77
132,Christina,Pierce,cpierce3n@mozilla.org,Female,41.89.19.193
133,Bonnie,Mitchell,bmitchell3o@redcross.org,Female,121.152.3.127
134,Angela,Arnold,aarnold3p@omniture.com,Female,162.253.108.101
135,Virginia,Cruz,vcruz3q@deviantart.com,Female,246.96.236.227
136,Alan,Walker,awalker3r@shutterfly.com,Male,207.150.228.126
137,Jessica,Washington,jwashington3s@rambler.ru,Female,1.145.163.154
138,Janet,Peterson,jpeterson3t@edublogs.org,Female,14.0.45.187
139,Victor,Riley,vriley3u@google.pl,Male,77.203.28.135
140,Arthur,Garcia,agarcia3v@uiuc.edu,Male,104.174.26.245
141,Scott,Lewis,slewis3w@digg.com,Male,183.76.26.232
142,Lillian,Gonzalez,lgonzalez3x@msu.edu,Female,163.155.43.171
143,Gary,Mccoy,gmccoy3y@tinypic.com,Male,195.171.80.207
144,Carl,Collins,ccollins3z@soup.io,Male,94.189.203.145
145,Henry,Diaz,hdiaz40@parallels.com,Male,242.212.143.79
146,Sara,Henderson,shenderson41@flavors.me,Female,220.94.81.78
147,Gloria,Webb,gwebb42@hao123.com,Female,111.35.154.64
148,Raymond,Arnold,rarnold43@ca.gov,Male,212.225.135.43
149,Phyllis,Cooper,pcooper44@alibaba.com,Female,0.85.147.117
150,Amy,King,aking45@ftc.gov,Female,90.63.128.254
151,Nancy,Freeman,nfreeman46@stumbleupon.com,Female,230.8.143.200
152,Donna,Mccoy,dmccoy47@jiathis.com,Female,73.37.91.140
153,Sharon,Mendoza,smendoza48@php.net,Female,65.40.60.225
154,Susan,Morris,smorris49@shinystat.com,Female,184.213.198.195
155,Martha,Clark,mclark4a@goodreads.com,Female,111.207.82.7
156,Craig,Hill,chill4b@cbsnews.com,Male,174.232.176.186
157,Beverly,Lawson,blawson4c@nationalgeographic.com,Female,43.21.118.84
158,Janice,Young,jyoung4d@pinterest.com,Female,220.152.187.34
159,Jeremy,Knight,jknight4e@ning.com,Male,16.215.247.24
160,Edward,George,egeorge4f@ning.com,Male,80.157.6.9
161,Tina,Ford,tford4g@trellian.com,Female,103.119.237.144
162,Henry,Crawford,hcrawford4h@plala.or.jp,Male,201.49.71.59
163,Lillian,Carroll,lcarroll4i@netlog.com,Female,47.132.5.187
164,Willie,Morgan,wmorgan4j@yahoo.co.jp,Male,213.70.229.150
165,Dennis,Johnston,djohnston4k@devhub.com,Male,114.1.125.121
166,Steve,Crawford,scrawford4l@qq.com,Male,196.180.83.233
167,Cheryl,Crawford,ccrawford4m@constantcontact.com,Female,92.153.88.106
168,Janice,Ryan,jryan4n@gov.uk,Female,226.120.237.211
169,John,Gonzalez,jgonzalez4o@sina.com.cn,Male,80.149.70.78
170,Richard,Mendoza,rmendoza4p@blogs.com,Male,152.164.10.194
171,Adam,Clark,aclark4q@weather.com,Male,161.220.53.219
172,Barbara,Rose,brose4r@blogger.com,Female,48.120.176.126
173,Jessica,Williams,jwilliams4s@digg.com,Female,57.54.16.131
174,Jack,Cook,jcook4t@archive.org,Male,33.76.50.197
175,Larry,Richards,lrichards4u@opera.com,Male,73.186.110.103
176,Virginia,Patterson,vpatterson4v@loc.gov,Female,31.234.174.243
177,Jane,Palmer,jpalmer4w@dot.gov,Female,65.4.165.45
178,Lawrence,Bradley,lbradley4x@moonfruit.com,Male,183.43.188.9
179,Judith,Pierce,jpierce4y@slashdot.org,Female,222.50.19.243
180,Albert,Washington,awashington4z@theglobeandmail.com,Male,180.55.200.77
181,Jonathan,Armstrong,jarmstrong50@cocolog-nifty.com,Male,202.66.15.98
182,Helen,Simpson,hsimpson51@indiatimes.com,Female,69.227.82.171
183,Norma,Gonzales,ngonzales52@ovh.net,Female,211.171.233.187
184,Amy,Riley,ariley53@homestead.com,Female,11.29.38.59
185,Denise,Mccoy,dmccoy54@admin.ch,Female,132.75.204.187
186,David,Hudson,dhudson55@prweb.com,Male,235.243.98.46
187,Jesse,Hudson,jhudson56@360.cn,Male,122.104.218.131
188,Walter,Moreno,wmoreno57@cmu.edu,Male,60.73.195.73
189,Eugene,Hayes,ehayes58@upenn.edu,Male,28.128.128.59
190,Kathleen,Price,kprice59@earthlink.net,Female,165.25.249.140
191,Charles,Stone,cstone5a@themeforest.net,Male,75.188.87.64
192,Henry,Fields,hfields5b@cbc.ca,Male,184.211.35.8
193,Nicole,Murphy,nmurphy5c@rakuten.co.jp,Female,40.68.194.217
194,Beverly,Lawson,blawson5d@google.com.au,Female,48.87.155.179
195,Joyce,Wallace,jwallace5e@samsung.com,Female,32.164.113.68
196,Keith,Wilson,kwilson5f@toplist.cz,Male,247.98.170.226
197,James,Jacobs,jjacobs5g@marriott.com,Male,138.157.222.182
198,Katherine,Bell,kbell5h@earthlink.net,Female,224.131.154.63
199,Carl,Woods,cwoods5i@last.fm,Male,128.224.120.107
200,Joe,Gray,jgray5j@hatena.ne.jp,Male,153.184.152.139
201,Harry,Ramos,hramos5k@wikipedia.org,Male,140.202.166.123
202,Amy,Hughes,ahughes5l@miitbeian.gov.cn,Female,234.191.9.236
203,Stephanie,Dean,sdean5m@un.org,Female,45.207.251.116
204,Douglas,Kelley,dkelley5n@indiegogo.com,Male,91.92.240.204
205,Frances,James,fjames5o@artisteer.com,Female,88.31.141.244
206,Richard,Howell,rhowell5p@jimdo.com,Male,255.135.146.176
207,James,Cole,jcole5q@slideshare.net,Male,137.196.135.64
208,Angela,Riley,ariley5r@hugedomains.com,Female,142.12.95.158
209,Justin,Flores,jflores5s@salon.com,Male,36.200.107.68
210,Lori,Carroll,lcarroll5t@privacy.gov.au,Female,176.236.172.13
211,Kathy,Pierce,kpierce5u@tuttocitta.it,Female,45.188.68.237
212,Kimberly,Bryant,kbryant5v@squarespace.com,Female,232.201.202.153
213,Diana,Peterson,dpeterson5w@drupal.org,Female,206.0.134.77
214,Clarence,Ray,cray5x@yahoo.co.jp,Male,228.139.183.192
215,Todd,Jones,tjones5y@mapy.cz,Male,184.36.84.3
216,Janice,Anderson,janderson5z@mayoclinic.com,Female,90.194.185.70
217,Maria,Diaz,mdiaz60@ask.com,Female,115.253.18.36
218,Christopher,West,cwest61@shareasale.com,Male,49.228.12.163
219,Michelle,Boyd,mboyd62@yale.edu,Female,203.188.152.64
220,Earl,Harper,eharper63@hao123.com,Male,83.69.29.54
221,Anthony,Morales,amorales64@linkedin.com,Male,21.107.61.6
222,Ralph,Wright,rwright65@japanpost.jp,Male,198.181.134.156
223,Lawrence,Garcia,lgarcia66@discovery.com,Male,111.227.13.85
224,Alan,Webb,awebb67@vistaprint.com,Male,1.86.75.7
225,Brenda,Green,bgreen68@shinystat.com,Female,93.152.71.66
226,Evelyn,Carter,ecarter69@oakley.com,Female,167.219.27.80
227,Diane,Simmons,dsimmons6a@skype.com,Female,168.110.75.227
228,Russell,Price,rprice6b@columbia.edu,Male,148.174.118.63
229,Jason,Palmer,jpalmer6c@fastcompany.com,Male,115.93.148.77
230,Anna,Mills,amills6d@sogou.com,Female,18.132.223.46
231,John,Rice,jrice6e@youtube.com,Male,231.175.17.92
232,Shawn,Carter,scarter6f@reuters.com,Male,190.110.117.52
233,Heather,Brooks,hbrooks6g@sun.com,Female,12.186.137.25
234,Helen,Watkins,hwatkins6h@stanford.edu,Female,184.113.185.58
235,William,Sanders,wsanders6i@nba.com,Male,219.28.255.176
236,Kathy,Reid,kreid6j@pen.io,Female,195.161.74.128
237,Raymond,Warren,rwarren6k@theatlantic.com,Male,34.70.140.191
238,Lillian,Lopez,llopez6l@gizmodo.com,Female,201.87.59.148
239,Juan,Daniels,jdaniels6m@ifeng.com,Male,114.137.151.56
240,Fred,Stone,fstone6n@washingtonpost.com,Male,142.150.199.238
241,Carolyn,Franklin,cfranklin6o@edublogs.org,Female,135.243.96.155
242,Debra,Carter,dcarter6p@youtu.be,Female,13.102.30.49
243,Sarah,Greene,sgreene6q@twitter.com,Female,105.254.16.21
244,Benjamin,Harvey,bharvey6r@nbcnews.com,Male,78.240.123.124
245,Bruce,Bennett,bbennett6s@ft.com,Male,132.143.80.188
246,Roger,Kelly,rkelly6t@livejournal.com,Male,149.189.82.108
247,Mildred,Banks,mbanks6u@washingtonpost.com,Female,168.234.240.90
248,Brenda,Roberts,broberts6v@51.la,Female,250.95.10.182
249,Carl,Peterson,cpeterson6w@wufoo.com,Male,190.228.193.148
250,Kathy,Ray,kray6x@paypal.com,Female,101.152.35.176
251,Paula,Hughes,phughes6y@walmart.com,Female,128.77.16.67
252,Frances,Brown,fbrown6z@wufoo.com,Female,199.162.34.205
253,Lori,Hicks,lhicks70@springer.com,Female,11.129.195.4
254,Jonathan,Lewis,jlewis71@lulu.com,Male,90.157.48.149
255,Ruth,Castillo,rcastillo72@dion.ne.jp,Female,30.188.140.88
256,Carol,Brooks,cbrooks73@friendfeed.com,Female,48.129.233.0
257,Charles,Myers,cmyers74@wisc.edu,Male,66.196.253.79
258,Lori,Stanley,lstanley75@google.ca,Female,83.12.171.233
259,Peter,Garza,pgarza76@technorati.com,Male,108.254.172.213
260,Rose,Parker,rparker77@posterous.com,Female,57.41.173.7
261,Kathleen,Stone,kstone78@123-reg.co.uk,Female,12.217.75.170
262,Stephanie,Lopez,slopez79@indiatimes.com,Female,4.62.118.237
263,Russell,Wood,rwood7a@state.gov,Male,31.254.53.210
264,Helen,Hudson,hhudson7b@themeforest.net,Female,212.202.226.95
265,Samuel,Owens,sowens7c@nyu.edu,Male,212.184.25.177
266,Jeffrey,Wells,jwells7d@digg.com,Male,135.79.136.155
267,Raymond,Owens,rowens7e@mozilla.org,Male,171.95.216.54
268,Louis,Berry,lberry7f@stanford.edu,Male,163.245.45.116
269,Evelyn,Frazier,efrazier7g@cmu.edu,Female,43.104.232.85
270,Raymond,Romero,rromero7h@mac.com,Male,192.63.173.91
271,Terry,Garza,tgarza7i@blogtalkradio.com,Male,121.67.87.6
272,Antonio,Washington,awashington7j@time.com,Male,105.30.189.54
273,Annie,Taylor,ataylor7k@digg.com,Female,31.18.146.150
274,Patricia,Reyes,preyes7l@narod.ru,Female,138.54.241.224
275,Theresa,Carr,tcarr7m@theguardian.com,Female,62.4.136.51
276,Kathleen,Hunt,khunt7n@thetimes.co.uk,Female,142.23.135.230
277,Edward,Henry,ehenry7o@si.edu,Male,140.1.1.73
278,Mark,Lynch,mlynch7p@cdc.gov,Male,127.43.162.247
279,Phillip,Reed,preed7q@cnbc.com,Male,1.161.214.220
280,Sarah,Carpenter,scarpenter7r@list-manage.com,Female,238.202.11.32
281,Amy,Black,ablack7s@cnbc.com,Female,221.41.104.8
282,Heather,Harrison,hharrison7t@quantcast.com,Female,202.236.176.198
283,Jesse,Ford,jford7u@friendfeed.com,Male,49.117.36.21
284,Donald,Jones,djones7v@house.gov,Male,151.81.17.254
285,Joyce,Gordon,jgordon7w@census.gov,Female,155.26.157.117
286,Martha,Bailey,mbailey7x@t-online.de,Female,252.230.11.225
287,Betty,Jenkins,bjenkins7y@youtube.com,Female,80.81.118.54
288,Eric,Howell,ehowell7z@thetimes.co.uk,Male,221.106.38.43
289,Katherine,Moore,kmoore80@instagram.com,Female,230.246.161.223
290,Charles,Peterson,cpeterson81@about.me,Male,228.232.45.124
291,Beverly,Hunt,bhunt82@themeforest.net,Female,174.53.91.234
292,Harold,Medina,hmedina83@hhs.gov,Male,136.146.152.202
293,Chris,Marshall,cmarshall84@thetimes.co.uk,Male,225.92.204.109
294,Phillip,White,pwhite85@goo.ne.jp,Male,24.14.245.143
295,Ernest,Roberts,eroberts86@infoseek.co.jp,Male,133.39.240.172
296,Mary,Rogers,mrogers87@go.com,Female,46.222.209.201
297,Eric,Reid,ereid88@yelp.com,Male,29.25.54.58
298,Doris,Washington,dwashington89@wunderground.com,Female,90.170.154.245
299,Ralph,Fernandez,rfernandez8a@sun.com,Male,140.46.158.172
300,Sara,Carter,scarter8b@discovery.com,Female,42.34.4.198
301,Martha,Warren,mwarren8c@forbes.com,Female,217.97.45.129
302,Randy,Fernandez,rfernandez8d@mediafire.com,Male,215.34.217.229
303,Judith,Walker,jwalker8e@edublogs.org,Female,249.6.73.158
304,Cheryl,Williams,cwilliams8f@pbs.org,Female,232.84.17.114
305,Douglas,Williams,dwilliams8g@sohu.com,Male,248.187.28.162
306,Roy,Gardner,rgardner8h@nbcnews.com,Male,2.19.65.92
307,Mary,Castillo,mcastillo8i@oracle.com,Female,213.158.34.120
308,Stephanie,Burton,sburton8j@pcworld.com,Female,183.101.42.88
309,Mildred,Richards,mrichards8k@cmu.edu,Female,54.50.53.238
310,Lillian,Collins,lcollins8l@zimbio.com,Female,168.44.94.16
311,Steven,Reynolds,sreynolds8m@dmoz.org,Male,134.209.120.110
312,Chris,Garrett,cgarrett8n@jimdo.com,Male,169.181.5.70
313,Mark,Kim,mkim8o@sfgate.com,Male,63.166.157.75
314,Bobby,Bradley,bbradley8p@deliciousdays.com,Male,184.212.91.254
315,Diana,Rodriguez,drodriguez8q@nationalgeographic.com,Female,170.193.38.252
316,Virginia,Olson,volson8r@exblog.jp,Female,229.213.219.124
317,Douglas,Bryant,dbryant8s@hud.gov,Male,100.69.143.10
318,Douglas,Crawford,dcrawford8t@moonfruit.com,Male,207.179.203.69
319,Richard,Lawson,rlawson8u@baidu.com,Male,64.114.67.58
320,Terry,Hughes,thughes8v@eventbrite.com,Male,70.215.52.145
321,Kimberly,Lopez,klopez8w@nature.com,Female,191.99.60.51
322,Kathy,Graham,kgraham8x@who.int,Female,109.140.140.180
323,Frances,Nichols,fnichols8y@sfgate.com,Female,51.139.110.212
324,Lawrence,Daniels,ldaniels8z@sbwire.com,Male,242.40.0.179
325,Judith,Simpson,jsimpson90@quantcast.com,Female,36.240.98.38
326,Carl,Duncan,cduncan91@webs.com,Male,111.7.227.210
327,Elizabeth,Lopez,elopez92@smh.com.au,Female,185.41.229.246
328,Nicholas,Allen,nallen93@dagondesign.com,Male,6.44.72.165
329,Janet,Cox,jcox94@exblog.jp,Female,217.130.127.146
330,Lisa,Elliott,lelliott95@wiley.com,Female,224.73.157.16
331,Pamela,Rivera,privera96@ezinearticles.com,Female,216.90.237.191
332,Eric,Gutierrez,egutierrez97@uiuc.edu,Male,191.107.13.248
333,Stephen,Hernandez,shernandez98@marketwatch.com,Male,50.117.98.3
334,Pamela,Mccoy,pmccoy99@spiegel.de,Female,89.180.244.202
335,Martin,Hill,mhill9a@ted.com,Male,221.197.185.64
336,Nicole,Washington,nwashington9b@google.com.br,Female,91.14.237.194
337,Robin,Hall,rhall9c@statcounter.com,Female,215.167.144.100
338,Jessica,Ward,jward9d@tinyurl.com,Female,71.246.76.47
339,Carolyn,Rivera,crivera9e@ameblo.jp,Female,225.91.240.19
340,Eric,Knight,eknight9f@zdnet.com,Male,19.182.101.26
341,Tina,Lawrence,tlawrence9g@csmonitor.com,Female,64.182.214.62
342,Judy,Hayes,jhayes9h@howstuffworks.com,Female,174.201.40.255
343,Sandra,Burns,sburns9i@hostgator.com,Female,54.155.231.229
344,Marie,Rivera,mrivera9j@gmpg.org,Female,27.22.40.0
345,Victor,Jones,vjones9k@domainmarket.com,Male,152.171.84.101
346,John,Garrett,jgarrett9l@imdb.com,Male,48.210.189.66
347,Catherine,Harper,charper9m@gizmodo.com,Female,32.180.154.250
348,Albert,Andrews,aandrews9n@ameblo.jp,Male,58.64.159.29
349,Donna,Carpenter,dcarpenter9o@house.gov,Female,251.13.211.92
350,Nicole,Kelley,nkelley9p@merriam-webster.com,Female,219.13.40.103
351,Kathleen,Hernandez,khernandez9q@webnode.com,Female,141.232.199.190
352,Jason,Foster,jfoster9r@umn.edu,Male,179.252.109.158
353,Jacqueline,Cunningham,jcunningham9s@ning.com,Female,99.209.164.47
354,Joyce,Jones,jjones9t@domainmarket.com,Female,12.62.9.196
355,Thomas,Woods,twoods9u@vistaprint.com,Male,223.249.223.42
356,Wanda,Perkins,wperkins9v@symantec.com,Female,208.107.70.81
357,Pamela,Peters,ppeters9w@jiathis.com,Female,80.56.199.178
358,Gary,Reynolds,greynolds9x@economist.com,Male,185.183.142.157
359,Bruce,Allen,ballen9y@netlog.com,Male,58.158.130.221
360,Nicole,Griffin,ngriffin9z@bigcartel.com,Female,159.253.169.255
361,Susan,Griffin,sgriffina0@craigslist.org,Female,183.6.237.254
362,Carolyn,Hill,chilla1@epa.gov,Female,8.140.255.207
363,Nicholas,Fields,nfieldsa2@netvibes.com,Male,176.72.30.252
364,Kelly,Cole,kcolea3@discovery.com,Female,68.38.180.30
365,Todd,Reynolds,treynoldsa4@nhs.uk,Male,110.99.107.95
366,Ann,Fisher,afishera5@mail.ru,Female,184.96.157.122
367,Jean,Williamson,jwilliamsona6@opensource.org,Female,26.21.140.55
368,Angela,Stone,astonea7@squarespace.com,Female,194.197.196.4
369,Lisa,Bailey,lbaileya8@cnn.com,Female,237.232.21.192
370,Bonnie,Green,bgreena9@admin.ch,Female,91.148.88.131
371,Joshua,Kim,jkimaa@topsy.com,Male,14.181.227.17
372,Victor,Campbell,vcampbellab@hubpages.com,Male,127.43.25.178
373,Tina,Crawford,tcrawfordac@nbcnews.com,Female,19.141.73.89
374,Linda,Baker,lbakerad@freewebs.com,Female,121.40.222.244
375,George,Dixon,gdixonae@mayoclinic.com,Male,189.175.154.72
376,Helen,Reid,hreidaf@ihg.com,Female,103.22.144.137
377,Julia,Robertson,jrobertsonag@lulu.com,Female,242.90.54.169
378,Helen,Gilbert,hgilbertah@dot.gov,Female,12.118.70.124
379,Joseph,Schmidt,jschmidtai@gizmodo.com,Male,248.247.64.160
380,Amy,Perry,aperryaj@trellian.com,Female,237.154.92.24
381,Steven,Fowler,sfowlerak@ask.com,Male,229.33.51.109
382,Susan,Nelson,snelsonal@is.gd,Female,186.55.203.125
383,Sandra,Berry,sberryam@sitemeter.com,Female,73.25.218.90
384,Jonathan,Hernandez,jhernandezan@odnoklassniki.ru,Male,240.129.159.190
385,Chris,Bennett,cbennettao@ebay.co.uk,Male,188.255.255.18
386,Charles,Morrison,cmorrisonap@netscape.com,Male,253.192.194.35
387,Phillip,Green,pgreenaq@ehow.com,Male,124.0.60.230
388,Betty,Richards,brichardsar@redcross.org,Female,144.109.137.83
389,Philip,Fuller,pfulleras@deliciousdays.com,Male,105.136.51.3
390,Gregory,Washington,gwashingtonat@google.co.jp,Male,189.161.44.117
391,Andrea,Welch,awelchau@bbc.co.uk,Female,231.43.37.119
392,Kathleen,Russell,krussellav@sitemeter.com,Female,44.248.122.208
393,Henry,Ruiz,hruizaw@spiegel.de,Male,251.69.116.142
394,James,Torres,jtorresax@chicagotribune.com,Male,209.171.182.253
395,Steven,Price,spriceay@virginia.edu,Male,148.67.139.98
396,Daniel,Andrews,dandrewsaz@taobao.com,Male,211.49.36.55
397,Jacqueline,Fuller,jfullerb0@ted.com,Female,90.17.245.146
398,Patrick,Griffin,pgriffinb1@shareasale.com,Male,135.116.14.159
399,Bonnie,Rivera,briverab2@1und1.de,Female,11.138.221.48
400,Sandra,Alexander,salexanderb3@php.net,Female,55.7.4.220
401,Maria,Matthews,mmatthewsb4@wp.com,Female,65.192.145.58
402,Diana,Kennedy,dkennedyb5@cocolog-nifty.com,Female,30.183.168.159
403,Harry,Williams,hwilliamsb6@tripod.com,Male,45.108.42.69
404,Clarence,Harrison,charrisonb7@webs.com,Male,162.176.52.198
405,Irene,Hernandez,ihernandezb8@springer.com,Female,128.31.4.101
406,Denise,Riley,drileyb9@delicious.com,Female,31.46.187.152
407,Susan,Marshall,smarshallba@devhub.com,Female,254.107.3.88
408,Jacqueline,Wood,jwoodbb@exblog.jp,Female,7.129.95.153
409,Douglas,Hill,dhillbc@shop-pro.jp,Male,152.221.52.33
410,Jason,Thomas,jthomasbd@whitehouse.gov,Male,1.175.123.234
411,Bonnie,Lewis,blewisbe@yolasite.com,Female,2.150.27.204
412,Jennifer,Williams,jwilliamsbf@wp.com,Female,160.241.128.177
413,Melissa,Davis,mdavisbg@quantcast.com,Female,39.63.139.56
414,Marie,Hughes,mhughesbh@zimbio.com,Female,129.226.184.242
415,Janice,Simmons,jsimmonsbi@psu.edu,Female,110.143.43.44
416,Shawn,Butler,sbutlerbj@example.com,Male,199.211.47.252
417,Judy,Perkins,jperkinsbk@opera.com,Female,131.213.207.170
418,Randy,Porter,rporterbl@so-net.ne.jp,Male,29.138.206.55
419,Lisa,Wheeler,lwheelerbm@cdc.gov,Female,112.193.16.148
420,Joyce,Edwards,jedwardsbn@ycombinator.com,Female,86.197.64.16
421,Gary,Warren,gwarrenbo@sina.com.cn,Male,59.4.245.128
422,Joseph,Patterson,jpattersonbp@dedecms.com,Male,78.9.200.246
423,Angela,Powell,apowellbq@ning.com,Female,71.162.81.155
424,Rose,Thomas,rthomasbr@behance.net,Female,90.15.120.174
425,Frances,Bailey,fbaileybs@cnn.com,Female,125.18.28.168
426,Christine,Greene,cgreenebt@mashable.com,Female,1.70.37.148
427,Cheryl,Hanson,chansonbu@prnewswire.com,Female,88.246.110.160
428,Norma,Freeman,nfreemanbv@patch.com,Female,219.196.29.124
429,Juan,Campbell,jcampbellbw@elpais.com,Male,29.97.59.203
430,Jerry,Palmer,jpalmerbx@unicef.org,Male,206.53.234.220
431,Bobby,Riley,brileyby@alibaba.com,Male,24.238.84.130
432,Virginia,Hayes,vhayesbz@un.org,Female,81.17.185.91
433,Nancy,Cole,ncolec0@globo.com,Female,130.3.222.203
434,Steve,Phillips,sphillipsc1@wufoo.com,Male,151.16.200.130
435,Jerry,Meyer,jmeyerc2@ucoz.ru,Male,84.185.44.17
436,Robert,Murphy,rmurphyc3@vkontakte.ru,Male,120.252.99.117
437,Doris,Harvey,dharveyc4@vkontakte.ru,Female,236.236.139.237
438,Amanda,Kelley,akelleyc5@symantec.com,Female,44.25.39.235
439,Alan,Reid,areidc6@hostgator.com,Male,159.144.64.5
440,Christine,Armstrong,carmstrongc7@exblog.jp,Female,160.235.134.254
441,Scott,Morrison,smorrisonc8@mtv.com,Male,19.217.43.115
442,Roy,Brooks,rbrooksc9@360.cn,Male,199.30.1.188
443,Martha,Brooks,mbrooksca@hostgator.com,Female,41.47.45.60
444,Ralph,Berry,rberrycb@gmpg.org,Male,56.67.109.37
445,Michelle,Campbell,mcampbellcc@hexun.com,Female,68.12.141.190
446,Adam,Cook,acookcd@ifeng.com,Male,93.103.179.181
447,Brandon,Knight,bknightce@oakley.com,Male,51.24.50.109
448,Helen,Myers,hmyerscf@sciencedirect.com,Female,15.76.14.114
449,Janice,Brown,jbrowncg@dot.gov,Female,89.16.3.228
450,Martin,Morrison,mmorrisonch@foxnews.com,Male,5.48.61.84
451,Thomas,Harvey,tharveyci@independent.co.uk,Male,149.135.81.111
452,Annie,Ellis,aelliscj@theguardian.com,Female,40.148.161.55
453,Joshua,Boyd,jboydck@apple.com,Male,21.177.70.77
454,Kelly,Burke,kburkecl@uiuc.edu,Female,179.149.162.63
455,Martin,Tucker,mtuckercm@princeton.edu,Male,179.135.18.29
456,Michael,West,mwestcn@webnode.com,Male,20.180.183.203
457,Harold,Weaver,hweaverco@networksolutions.com,Male,121.236.124.211
458,Wayne,Lawrence,wlawrencecp@oakley.com,Male,244.38.23.24
459,Frank,Anderson,fandersoncq@thetimes.co.uk,Male,201.240.148.223
460,Doris,Wilson,dwilsoncr@gizmodo.com,Female,155.170.179.195
461,Jeremy,George,jgeorgecs@tiny.cc,Male,77.65.128.172
462,Lisa,West,lwestct@icio.us,Female,156.184.215.147
463,Ruth,Cunningham,rcunninghamcu@ucoz.com,Female,212.87.72.16
464,Todd,Vasquez,tvasquezcv@bluehost.com,Male,99.121.188.90
465,Karen,Bennett,kbennettcw@tuttocitta.it,Female,77.198.69.103
466,Benjamin,Alvarez,balvarezcx@freewebs.com,Male,100.93.133.143
467,Ruby,Castillo,rcastillocy@princeton.edu,Female,218.12.17.24
468,Christine,Jordan,cjordancz@vimeo.com,Female,246.157.30.180
469,Jimmy,Arnold,jarnoldd0@elegantthemes.com,Male,249.99.74.224
470,Evelyn,Johnston,ejohnstond1@simplemachines.org,Female,154.85.117.47
471,Lisa,Torres,ltorresd2@xing.com,Female,117.233.228.85
472,Walter,Sullivan,wsullivand3@live.com,Male,193.51.171.8
473,Debra,Edwards,dedwardsd4@oracle.com,Female,115.128.151.192
474,Kevin,Peterson,kpetersond5@miibeian.gov.cn,Male,181.27.246.26
475,Jacqueline,Rice,jriced6@naver.com,Female,102.151.101.45
476,Barbara,Mason,bmasond7@paginegialle.it,Female,174.224.222.184
477,Helen,Harvey,hharveyd8@dyndns.org,Female,19.162.108.164
478,Norma,Bailey,nbaileyd9@discuz.net,Female,231.60.215.17
479,Craig,Burton,cburtonda@jiathis.com,Male,111.117.149.156
480,Beverly,Owens,bowensdb@ezinearticles.com,Female,1.132.214.38
481,Harry,Reyes,hreyesdc@weibo.com,Male,26.41.120.90
482,Craig,Woods,cwoodsdd@people.com.cn,Male,61.118.5.143
483,Charles,Cole,ccolede@biglobe.ne.jp,Male,91.119.254.99
484,Norma,Long,nlongdf@va.gov,Female,204.174.8.61
485,Judy,Hanson,jhansondg@themeforest.net,Female,97.36.62.254
486,Jeffrey,Moore,jmooredh@umich.edu,Male,181.79.60.218
487,Matthew,Lawrence,mlawrencedi@psu.edu,Male,23.164.189.134
488,Bruce,Butler,bbutlerdj@domainmarket.com,Male,59.180.156.244
489,Ann,Greene,agreenedk@cocolog-nifty.com,Female,182.252.156.255
490,Robin,Ortiz,rortizdl@ibm.com,Female,100.216.216.18
491,Stephanie,Payne,spaynedm@unesco.org,Female,28.86.138.35
492,John,Evans,jevansdn@so-net.ne.jp,Male,246.217.74.184
493,Billy,Knight,bknightdo@youku.com,Male,153.184.207.197
494,Rebecca,Tucker,rtuckerdp@wufoo.com,Female,60.4.206.101
495,Joseph,Spencer,jspencerdq@eventbrite.com,Male,54.73.105.217
496,Ryan,Lawson,rlawsondr@ucsd.edu,Male,224.51.219.233
497,Brenda,Bryant,bbryantds@google.ru,Female,219.51.60.241
498,Amanda,Henderson,ahendersondt@stanford.edu,Female,151.227.6.143
499,Teresa,Wood,twooddu@upenn.edu,Female,130.184.241.116
500,Joshua,Gonzales,jgonzalesdv@archive.org,Male,26.231.134.50
501,Frances,Garcia,fgarciadw@bizjournals.com,Female,202.153.6.36
502,David,Lawrence,dlawrencedx@omniture.com,Male,64.177.228.54
503,Gerald,Tucker,gtuckerdy@w3.org,Male,194.77.107.144
504,Willie,Black,wblackdz@wired.com,Male,146.167.56.100
505,Brian,Morris,bmorrise0@pen.io,Male,44.117.110.172
506,Scott,Holmes,sholmese1@uiuc.edu,Male,34.32.243.111
507,Ashley,Wheeler,awheelere2@tinyurl.com,Female,0.126.154.212
508,Margaret,Nichols,mnicholse3@independent.co.uk,Female,41.201.52.203
509,Barbara,Allen,ballene4@boston.com,Female,110.97.22.11
510,Joe,Scott,jscotte5@slideshare.net,Male,7.63.235.5
511,Stephen,Bennett,sbennette6@sun.com,Male,27.162.221.5
512,Craig,Sullivan,csullivane7@jiathis.com,Male,178.101.242.145
513,Alice,Franklin,afrankline8@example.com,Female,12.0.130.54
514,Jean,Hamilton,jhamiltone9@sogou.com,Female,72.38.169.84
515,Sarah,Montgomery,smontgomeryea@delicious.com,Female,11.71.245.153
516,Doris,Howell,dhowelleb@wordpress.com,Female,72.55.32.236
517,Sean,Wood,swoodec@ustream.tv,Male,40.230.222.143
518,Emily,Robinson,erobinsoned@multiply.com,Female,239.224.118.183
519,Frances,Turner,fturneree@mit.edu,Female,14.19.123.238
520,Larry,Knight,lknightef@t.co,Male,129.84.202.181
521,Philip,Edwards,pedwardseg@about.com,Male,38.2.92.225
522,Phillip,Russell,prusselleh@a8.net,Male,28.94.245.122
523,Joe,Hayes,jhayesei@nhs.uk,Male,151.64.49.233
524,Marilyn,Cole,mcoleej@gov.uk,Female,57.38.127.51
525,Antonio,Murray,amurrayek@accuweather.com,Male,110.127.162.207
526,Irene,Hart,ihartel@bing.com,Female,228.243.1.102
527,Rose,Reyes,rreyesem@dedecms.com,Female,173.111.243.156
528,Susan,Howard,showarden@wunderground.com,Female,133.54.241.221
529,Shirley,Wallace,swallaceeo@nbcnews.com,Female,36.228.225.230
530,Melissa,Martinez,mmartinezep@twitter.com,Female,88.34.67.201
531,Kathy,Porter,kportereq@abc.net.au,Female,170.169.111.86
532,Sara,Collins,scollinser@sina.com.cn,Female,115.127.159.193
533,Jessica,Spencer,jspenceres@joomla.org,Female,228.174.209.246
534,Irene,Medina,imedinaet@google.nl,Female,32.146.12.33
535,Dorothy,Edwards,dedwardseu@yolasite.com,Female,137.117.37.92
536,Lillian,Kennedy,lkennedyev@shutterfly.com,Female,121.123.217.58
537,Tammy,Berry,tberryew@apple.com,Female,114.221.173.130
538,Angela,Mccoy,amccoyex@nyu.edu,Female,221.233.94.209
539,Carlos,Wilson,cwilsoney@jimdo.com,Male,144.26.197.97
540,Shawn,Phillips,sphillipsez@oracle.com,Male,226.80.199.154
541,Laura,Watson,lwatsonf0@drupal.org,Female,211.129.132.112
542,Virginia,Bishop,vbishopf1@spiegel.de,Female,102.63.204.93
543,Ashley,Gonzalez,agonzalezf2@51.la,Female,23.102.218.78
544,Theresa,Franklin,tfranklinf3@globo.com,Female,247.45.22.89
545,Jeffrey,Meyer,jmeyerf4@boston.com,Male,79.181.230.16
546,Mildred,Stephens,mstephensf5@yellowbook.com,Female,211.30.135.161
547,Gloria,Ellis,gellisf6@unc.edu,Female,194.66.237.79
548,Ruby,Griffin,rgriffinf7@webmd.com,Female,110.201.158.170
549,Lois,Anderson,landersonf8@hibu.com,Female,27.75.250.109
550,Brenda,Riley,brileyf9@irs.gov,Female,103.100.233.110
551,Gloria,Williamson,gwilliamsonfa@cnn.com,Female,232.107.98.54
552,Kelly,Murphy,kmurphyfb@hubpages.com,Female,190.4.189.235
553,George,Simmons,gsimmonsfc@cpanel.net,Male,121.255.179.99
554,Lillian,Moreno,lmorenofd@stumbleupon.com,Female,75.227.33.180
555,Laura,Alexander,lalexanderfe@yahoo.com,Female,25.4.102.174
556,Bonnie,Brown,bbrownff@myspace.com,Female,223.106.67.70
557,Kimberly,Scott,kscottfg@shutterfly.com,Female,84.252.109.143
558,Wayne,Thompson,wthompsonfh@delicious.com,Male,190.252.83.46
559,Harry,Johnson,hjohnsonfi@zimbio.com,Male,137.220.249.141
560,Diane,Robertson,drobertsonfj@dailymail.co.uk,Female,127.2.152.21
561,Lawrence,Rose,lrosefk@chron.com,Male,172.29.81.32
562,Lori,Williamson,lwilliamsonfl@mozilla.com,Female,253.159.169.188
563,Sara,Wells,swellsfm@vinaora.com,Female,139.101.236.166
564,Rose,Baker,rbakerfn@typepad.com,Female,55.161.218.20
565,Carol,Garcia,cgarciafo@cbslocal.com,Female,202.7.108.137
566,Janice,Chavez,jchavezfp@nationalgeographic.com,Female,254.203.149.46
567,Charles,Ramos,cramosfq@goo.gl,Male,72.44.235.50
568,Michael,Wagner,mwagnerfr@toplist.cz,Male,149.209.230.34
569,Bonnie,Mcdonald,bmcdonaldfs@usa.gov,Female,89.35.139.168
570,Thomas,Cox,tcoxft@a8.net,Male,21.56.77.170
571,Bonnie,Elliott,belliottfu@instagram.com,Female,251.15.229.115
572,Ernest,Garcia,egarciafv@imageshack.us,Male,73.159.168.207
573,James,Mills,jmillsfw@tripod.com,Male,240.94.67.225
574,Janet,Miller,jmillerfx@thetimes.co.uk,Female,248.57.52.41
575,Diana,Webb,dwebbfy@domainmarket.com,Female,240.137.90.39
576,Martha,Williams,mwilliamsfz@biblegateway.com,Female,230.251.207.142
577,Martin,Marshall,mmarshallg0@google.ca,Male,66.76.124.142
578,Keith,Spencer,kspencerg1@istockphoto.com,Male,93.41.142.45
579,Larry,Cox,lcoxg2@hhs.gov,Male,49.111.168.20
580,Richard,Hayes,rhayesg3@cafepress.com,Male,87.89.244.29
581,Norma,Hill,nhillg4@people.com.cn,Female,106.126.216.173
582,Debra,Bradley,dbradleyg5@mlb.com,Female,52.109.109.55
583,Judith,Clark,jclarkg6@uol.com.br,Female,19.241.58.160
584,Steve,Harvey,sharveyg7@wix.com,Male,20.136.250.223
585,Arthur,Porter,aporterg8@apple.com,Male,198.62.160.130
586,Raymond,Rice,rriceg9@nature.com,Male,176.191.192.9
587,Clarence,Ellis,cellisga@shop-pro.jp,Male,213.80.41.138
588,Angela,Williams,awilliamsgb@shinystat.com,Female,236.243.182.250
589,Louise,Lewis,llewisgc@tripod.com,Female,236.28.249.95
590,Scott,White,swhitegd@canalblog.com,Male,186.74.64.131
591,Virginia,Crawford,vcrawfordge@ca.gov,Female,106.178.157.188
592,Scott,Payne,spaynegf@ocn.ne.jp,Male,150.54.214.136
593,Jack,Anderson,jandersongg@wiley.com,Male,132.89.165.167
594,Anna,Johnston,ajohnstongh@washingtonpost.com,Female,250.56.210.251
595,Sandra,Romero,sromerogi@soup.io,Female,42.129.234.94
596,Laura,Boyd,lboydgj@sfgate.com,Female,138.218.130.70
597,Amy,Henry,ahenrygk@ucsd.edu,Female,145.91.6.122
598,Bobby,Mendoza,bmendozagl@unblog.fr,Male,193.163.13.207
599,George,Brooks,gbrooksgm@delicious.com,Male,23.104.15.88
600,George,Hughes,ghughesgn@weebly.com,Male,153.220.210.185
601,Jason,Morgan,jmorgango@yolasite.com,Male,67.147.211.6
602,Heather,Reed,hreedgp@zdnet.com,Female,188.176.203.163
603,Denise,Carroll,dcarrollgq@apple.com,Female,103.17.250.254
604,Debra,Woods,dwoodsgr@bluehost.com,Female,250.6.220.34
605,Patricia,Knight,pknightgs@miitbeian.gov.cn,Female,6.221.13.171
606,Jean,Oliver,jolivergt@tripod.com,Female,140.225.104.239
607,Jeremy,Duncan,jduncangu@sfgate.com,Male,125.175.26.232
608,Victor,Simpson,vsimpsongv@flavors.me,Male,173.206.237.64
609,Craig,Mills,cmillsgw@google.com.br,Male,99.208.160.143
610,Clarence,Allen,callengx@techcrunch.com,Male,205.81.41.93
611,Dorothy,Wallace,dwallacegy@vinaora.com,Female,99.2.132.21
612,Raymond,Stevens,rstevensgz@studiopress.com,Male,192.113.38.144
613,Albert,Harper,aharperh0@mozilla.com,Male,84.80.137.83
614,Mildred,Kelley,mkelleyh1@trellian.com,Female,109.143.69.127
615,James,Fields,jfieldsh2@amazon.co.jp,Male,11.112.111.160
616,Lawrence,Reid,lreidh3@google.com.au,Male,167.6.108.59
617,Dorothy,Gonzales,dgonzalesh4@cam.ac.uk,Female,244.163.194.159
618,Harold,Price,hpriceh5@cyberchimps.com,Male,55.244.87.169
619,Lillian,Meyer,lmeyerh6@trellian.com,Female,164.83.230.194
620,Alan,Brooks,abrooksh7@globo.com,Male,207.157.137.239
621,Frank,Freeman,ffreemanh8@tmall.com,Male,189.5.221.47
622,Alan,Washington,awashingtonh9@qq.com,Male,121.112.81.152
623,Phyllis,Hudson,phudsonha@edublogs.org,Female,138.201.107.20
624,Louise,Barnes,lbarneshb@ucoz.ru,Female,230.217.77.231
625,Nicholas,Graham,ngrahamhc@behance.net,Male,181.231.106.64
626,Craig,Hall,challhd@europa.eu,Male,20.40.196.64
627,Ralph,Carpenter,rcarpenterhe@netscape.com,Male,176.59.153.29
628,Christina,Torres,ctorreshf@toplist.cz,Female,220.121.193.148
629,Eric,Anderson,eandersonhg@nature.com,Male,86.112.157.138
630,Sara,Hughes,shugheshh@aboutads.info,Female,179.220.85.50
631,Janet,Porter,jporterhi@hatena.ne.jp,Female,36.94.104.242
632,Carol,Rivera,criverahj@fc2.com,Female,133.123.255.182
633,Barbara,Dunn,bdunnhk@github.io,Female,64.228.59.251
634,Lawrence,Garza,lgarzahl@rakuten.co.jp,Male,144.93.192.1
635,Brian,Owens,bowenshm@go.com,Male,136.216.50.111
636,Linda,Ford,lfordhn@cnn.com,Female,158.123.82.17
637,Lois,Moreno,lmorenoho@si.edu,Female,28.97.45.137
638,Joe,Johnston,jjohnstonhp@hubpages.com,Male,9.170.97.248
639,Russell,Torres,rtorreshq@cbslocal.com,Male,57.131.132.99
640,Karen,Frazier,kfrazierhr@marketwatch.com,Female,43.151.35.137
641,Gerald,Morrison,gmorrisonhs@cdc.gov,Male,193.26.101.242
642,Cynthia,Coleman,ccolemanht@geocities.com,Female,68.253.180.90
643,Andrew,Palmer,apalmerhu@fotki.com,Male,123.219.98.192
644,Jessica,Jones,jjoneshv@nps.gov,Female,28.232.77.41
645,Keith,Austin,kaustinhw@issuu.com,Male,216.91.70.81
646,Evelyn,Fowler,efowlerhx@google.co.uk,Female,223.83.93.247
647,Harry,Elliott,helliotthy@microsoft.com,Male,229.122.24.149
648,Sarah,Martin,smartinhz@google.com.hk,Female,52.124.183.223
649,Rachel,Hawkins,rhawkinsi0@bloomberg.com,Female,150.121.102.7
650,Donna,Cruz,dcruzi1@last.fm,Female,66.32.202.97
651,Janet,Alvarez,jalvarezi2@wisc.edu,Female,123.228.57.81
652,Katherine,Clark,kclarki3@sohu.com,Female,16.218.209.87
653,Emily,Hernandez,ehernandezi4@nsw.gov.au,Female,108.22.179.189
654,Beverly,Hall,bhalli5@printfriendly.com,Female,17.61.91.1
655,William,Brown,wbrowni6@nationalgeographic.com,Male,203.143.29.45
656,Nicole,Gonzales,ngonzalesi7@google.es,Female,110.153.103.172
657,Debra,Johnston,djohnstoni8@phoca.cz,Female,89.157.205.20
658,Jessica,Gibson,jgibsoni9@globo.com,Female,119.157.69.24
659,Julia,Hart,jhartia@slate.com,Female,175.10.149.216
660,Matthew,Myers,mmyersib@canalblog.com,Male,78.143.117.152
661,Christina,Rice,criceic@hostgator.com,Female,218.197.157.89
662,Tina,Little,tlittleid@google.pl,Female,109.15.74.224
663,Rachel,Sanchez,rsanchezie@hatena.ne.jp,Female,75.123.125.223
664,Robert,George,rgeorgeif@who.int,Male,227.143.200.214
665,Jessica,Rivera,jriveraig@issuu.com,Female,55.48.228.101
666,Judy,Bell,jbellih@unc.edu,Female,7.151.185.88
667,Frances,Lee,fleeii@admin.ch,Female,89.211.24.13
668,Steven,Hunter,shunterij@xing.com,Male,197.61.169.177
669,Annie,Jackson,ajacksonik@biblegateway.com,Female,48.43.88.140
670,Joshua,Perkins,jperkinsil@gravatar.com,Male,197.190.148.176
671,Denise,Matthews,dmatthewsim@photobucket.com,Female,41.189.93.23
672,Janice,Cook,jcookin@de.vu,Female,117.166.140.238
673,Evelyn,Harris,eharrisio@nih.gov,Female,217.237.48.246
674,Eric,Berry,eberryip@statcounter.com,Male,251.200.141.220
675,Ruth,Phillips,rphillipsiq@google.es,Female,114.101.169.246
676,James,Long,jlongir@nasa.gov,Male,103.61.227.246
677,Amanda,Morgan,amorganis@lulu.com,Female,24.36.143.82
678,Sandra,Washington,swashingtonit@nytimes.com,Female,99.216.200.122
679,Anne,Henry,ahenryiu@economist.com,Female,135.82.248.32
680,Joe,Oliver,joliveriv@1688.com,Male,228.16.86.157
681,Doris,Baker,dbakeriw@google.de,Female,81.50.149.192
682,Anthony,Fernandez,afernandezix@state.tx.us,Male,190.68.247.150
683,Edward,Ford,efordiy@rambler.ru,Male,72.85.188.46
684,Lillian,Lawrence,llawrenceiz@theguardian.com,Female,1.110.52.57
685,Carol,James,cjamesj0@is.gd,Female,158.237.206.37
686,Wanda,Weaver,wweaverj1@is.gd,Female,93.197.162.200
687,Robert,Cox,rcoxj2@netscape.com,Male,111.126.100.216
688,Janice,Grant,jgrantj3@walmart.com,Female,14.21.127.33
689,John,Castillo,jcastilloj4@timesonline.co.uk,Male,2.221.250.116
690,Christine,Garrett,cgarrettj5@sogou.com,Female,123.155.84.249
691,Wayne,Robinson,wrobinsonj6@pinterest.com,Male,83.225.119.90
692,Larry,Green,lgreenj7@auda.org.au,Male,142.183.218.218
693,Charles,Payne,cpaynej8@blogtalkradio.com,Male,103.101.88.70
694,Philip,Carr,pcarrj9@acquirethisname.com,Male,212.217.163.182
695,Rose,Grant,rgrantja@msu.edu,Female,179.12.224.188
696,Aaron,Chapman,achapmanjb@google.es,Male,182.28.164.24
697,Kathryn,Snyder,ksnyderjc@jugem.jp,Female,88.92.159.111
698,Linda,Boyd,lboydjd@youtube.com,Female,163.45.86.153
699,Juan,Perkins,jperkinsje@a8.net,Male,120.117.255.100
700,Lawrence,Richards,lrichardsjf@vistaprint.com,Male,208.170.150.175
701,Kenneth,Hudson,khudsonjg@paginegialle.it,Male,19.76.41.106
702,Denise,Garrett,dgarrettjh@nyu.edu,Female,137.111.147.51
703,Larry,Gordon,lgordonji@imageshack.us,Male,48.192.152.176
704,Tina,Reyes,treyesjj@wordpress.org,Female,218.187.65.129
705,Mark,Vasquez,mvasquezjk@samsung.com,Male,202.109.118.206
706,Phillip,Garrett,pgarrettjl@hostgator.com,Male,156.174.18.216
707,Evelyn,Mason,emasonjm@plala.or.jp,Female,209.229.168.215
708,Tina,Stewart,tstewartjn@sina.com.cn,Female,87.20.76.130
709,Ryan,Gordon,rgordonjo@twitpic.com,Male,232.104.75.69
710,Jean,Grant,jgrantjp@ca.gov,Female,237.61.154.185
711,Jack,Wagner,jwagnerjq@samsung.com,Male,203.143.238.92
712,Mark,Cunningham,mcunninghamjr@trellian.com,Male,153.36.20.142
713,Patricia,Carroll,pcarrolljs@google.it,Female,191.41.190.97
714,Louise,Nichols,lnicholsjt@ezinearticles.com,Female,43.227.149.27
715,Sharon,Hansen,shansenju@netvibes.com,Female,25.226.93.200
716,Norma,Hall,nhalljv@yandex.ru,Female,239.26.168.141
717,Theresa,Watkins,twatkinsjw@ted.com,Female,119.148.118.180
718,Roy,Knight,rknightjx@prlog.org,Male,170.199.101.244
719,Keith,Bishop,kbishopjy@geocities.com,Male,192.206.221.104
720,Carolyn,Larson,clarsonjz@mysql.com,Female,115.112.91.49
721,Laura,Taylor,ltaylork0@wiley.com,Female,28.57.14.220
722,Julia,Cooper,jcooperk1@live.com,Female,9.5.201.189
723,Jennifer,Woods,jwoodsk2@washingtonpost.com,Female,232.195.128.105
724,Elizabeth,Ford,efordk3@google.cn,Female,195.120.26.80
725,Russell,Ruiz,rruizk4@qq.com,Male,247.35.102.37
726,Patrick,Lynch,plynchk5@netvibes.com,Male,153.131.166.9
727,Debra,Morrison,dmorrisonk6@tuttocitta.it,Female,30.44.78.211
728,Ryan,Owens,rowensk7@goo.ne.jp,Male,201.23.244.159
729,Bobby,Bailey,bbaileyk8@miibeian.gov.cn,Male,125.173.112.84
730,Wayne,Murray,wmurrayk9@google.es,Male,241.126.238.121
731,Gary,Reynolds,greynoldska@macromedia.com,Male,60.175.180.123
732,Marie,Ellis,melliskb@shareasale.com,Female,213.130.45.101
733,Janet,Fields,jfieldskc@alexa.com,Female,171.49.11.7
734,Gerald,Parker,gparkerkd@about.me,Male,137.245.194.44
735,Teresa,Martinez,tmartinezke@quantcast.com,Female,84.133.69.7
736,Wayne,Bennett,wbennettkf@skyrock.com,Male,56.108.219.114
737,Brandon,Williams,bwilliamskg@hud.gov,Male,180.8.107.177
738,David,Richardson,drichardsonkh@aol.com,Male,195.162.243.58
739,Sarah,Carr,scarrki@illinois.edu,Female,38.94.189.163
740,Mark,Green,mgreenkj@mediafire.com,Male,55.216.26.88
741,Ruby,Dixon,rdixonkk@mediafire.com,Female,200.45.27.61
742,Willie,Berry,wberrykl@bigcartel.com,Male,48.206.157.76
743,Evelyn,Rice,ericekm@hud.gov,Female,31.105.190.146
744,George,Robertson,grobertsonkn@networksolutions.com,Male,176.202.121.221
745,Keith,Hanson,khansonko@fda.gov,Male,197.206.33.5
746,Joan,Oliver,joliverkp@barnesandnoble.com,Female,199.245.253.254
747,Daniel,Jacobs,djacobskq@admin.ch,Male,123.41.191.178
748,Antonio,Hernandez,ahernandezkr@delicious.com,Male,139.155.50.167
749,Roy,Riley,rrileyks@feedburner.com,Male,22.128.116.186
750,Lois,Foster,lfosterkt@google.pl,Female,187.40.42.36
751,Sharon,George,sgeorgeku@delicious.com,Female,159.142.51.193
752,Joshua,Williams,jwilliamskv@imageshack.us,Male,150.196.216.195
753,Michael,Peters,mpeterskw@pcworld.com,Male,107.74.228.195
754,Walter,Gilbert,wgilbertkx@hc360.com,Male,43.196.205.202
755,Raymond,Gilbert,rgilbertky@about.me,Male,144.248.143.60
756,Eugene,Perez,eperezkz@mayoclinic.com,Male,25.10.105.117
757,Billy,Gutierrez,bgutierrezl0@theguardian.com,Male,212.41.83.24
758,Willie,Simpson,wsimpsonl1@hostgator.com,Male,119.126.174.139
759,Lori,Butler,lbutlerl2@wikia.com,Female,181.33.70.158
760,Virginia,James,vjamesl3@senate.gov,Female,147.233.122.214
761,Kathy,Mccoy,kmccoyl4@state.tx.us,Female,13.43.250.136
762,Peter,Gray,pgrayl5@house.gov,Male,253.128.219.215
763,Catherine,Campbell,ccampbelll6@hibu.com,Female,176.252.114.255
764,Irene,Howell,ihowelll7@trellian.com,Female,86.122.124.220
765,William,Hill,whilll8@msn.com,Male,3.29.14.66
766,Timothy,Stewart,tstewartl9@businessinsider.com,Male,227.86.171.31
767,Benjamin,Jenkins,bjenkinsla@foxnews.com,Male,140.241.103.211
768,Jimmy,Shaw,jshawlb@rediff.com,Male,59.93.42.160
769,Craig,Gomez,cgomezlc@intel.com,Male,172.44.13.57
770,Sharon,Gray,sgrayld@liveinternet.ru,Female,126.210.218.101
771,Lisa,Berry,lberryle@g.co,Female,186.168.65.135
772,Clarence,Ford,cfordlf@printfriendly.com,Male,167.244.69.125
773,Janice,Harvey,jharveylg@cornell.edu,Female,63.67.21.5
774,Irene,Miller,imillerlh@blog.com,Female,156.174.98.183
775,Ruth,Williams,rwilliamsli@yahoo.co.jp,Female,64.11.99.203
776,Juan,Torres,jtorreslj@oracle.com,Male,8.106.184.157
777,Andrew,Brooks,abrookslk@nymag.com,Male,65.219.148.209
778,Angela,Coleman,acolemanll@digg.com,Female,55.121.211.60
779,Alice,Perkins,aperkinslm@dmoz.org,Female,127.112.128.33
780,Lisa,Martinez,lmartinezln@1und1.de,Female,132.239.31.53
781,Joe,Morgan,jmorganlo@gravatar.com,Male,82.213.55.118
782,Karen,Thomas,kthomaslp@prnewswire.com,Female,82.246.162.0
783,Carl,Lopez,clopezlq@cbsnews.com,Male,158.241.75.45
784,Joe,Allen,jallenlr@adobe.com,Male,105.168.234.250
785,Gary,Washington,gwashingtonls@shareasale.com,Male,148.110.248.80
786,James,Smith,jsmithlt@reuters.com,Male,210.211.174.222
787,Debra,Ruiz,druizlu@a8.net,Female,74.248.153.60
788,Kenneth,Watkins,kwatkinslv@51.la,Male,27.30.43.4
789,Sara,Evans,sevanslw@patch.com,Female,90.61.217.193
790,Aaron,Rivera,ariveralx@simplemachines.org,Male,224.91.24.83
791,Sharon,Harvey,sharveyly@eventbrite.com,Female,225.47.33.59
792,Jose,Perry,jperrylz@phpbb.com,Male,175.144.112.147
793,Stephen,Peterson,spetersonm0@goodreads.com,Male,228.82.242.80
794,Gregory,Price,gpricem1@google.cn,Male,246.126.185.216
795,Alice,Arnold,aarnoldm2@cornell.edu,Female,8.38.204.117
796,Antonio,Dunn,adunnm3@usatoday.com,Male,79.33.157.181
797,Edward,Mccoy,emccoym4@shareasale.com,Male,210.65.91.33
798,Roy,Allen,rallenm5@blogger.com,Male,23.115.227.45
799,Donald,Fisher,dfisherm6@wiley.com,Male,250.158.131.242
800,Nicholas,Moreno,nmorenom7@nymag.com,Male,73.23.242.207
801,Diane,Medina,dmedinam8@utexas.edu,Female,107.158.35.136
802,Gerald,Patterson,gpattersonm9@illinois.edu,Male,236.127.9.230
803,Mark,Wells,mwellsma@themeforest.net,Male,212.86.208.76
804,David,Harrison,dharrisonmb@vistaprint.com,Male,166.142.154.39
805,Julie,Watkins,jwatkinsmc@fotki.com,Female,242.66.210.137
806,Catherine,Hill,chillmd@theguardian.com,Female,217.83.200.68
807,Michelle,Carr,mcarrme@yellowbook.com,Female,22.197.44.205
808,Dorothy,Butler,dbutlermf@blogtalkradio.com,Female,125.172.131.246
809,Sara,Moore,smooremg@upenn.edu,Female,180.240.127.201
810,Kimberly,Walker,kwalkermh@tamu.edu,Female,130.79.158.202
811,Charles,Daniels,cdanielsmi@4shared.com,Male,59.215.196.97
812,Katherine,Diaz,kdiazmj@dailymail.co.uk,Female,176.148.153.197
813,Justin,Young,jyoungmk@hp.com,Male,108.161.107.10
814,Heather,Kennedy,hkennedyml@tinypic.com,Female,129.97.146.206
815,Louise,Nelson,lnelsonmm@howstuffworks.com,Female,104.67.24.121
816,Robin,Thompson,rthompsonmn@livejournal.com,Female,33.241.51.0
817,Samuel,Ryan,sryanmo@techcrunch.com,Male,231.67.235.185
818,Martin,Mcdonald,mmcdonaldmp@issuu.com,Male,137.180.135.114
819,Nancy,Boyd,nboydmq@miitbeian.gov.cn,Female,81.135.131.88
820,Peter,Carpenter,pcarpentermr@ca.gov,Male,124.217.252.62
821,Nicholas,Arnold,narnoldms@dot.gov,Male,20.31.201.3
822,Antonio,Pierce,apiercemt@yelp.com,Male,44.118.86.22
823,Sean,Richardson,srichardsonmu@ning.com,Male,158.12.75.220
824,Maria,Montgomery,mmontgomerymv@tiny.cc,Female,115.246.201.78
825,Joseph,Adams,jadamsmw@hubpages.com,Male,80.128.171.31
826,Jeremy,Rivera,jriveramx@yale.edu,Male,126.73.50.123
827,Judith,Kennedy,jkennedymy@globo.com,Female,144.31.108.68
828,Douglas,Kelly,dkellymz@goo.ne.jp,Male,64.57.6.216
829,Lois,Warren,lwarrenn0@drupal.org,Female,65.5.7.104
830,Cynthia,Martin,cmartinn1@gravatar.com,Female,127.205.229.5
831,Jonathan,Vasquez,jvasquezn2@squidoo.com,Male,62.207.4.247
832,Clarence,Knight,cknightn3@ft.com,Male,78.70.180.114
833,Deborah,Flores,dfloresn4@rakuten.co.jp,Female,14.192.58.0
834,Donna,Sullivan,dsullivann5@ftc.gov,Female,145.90.237.137
835,Brian,Rogers,brogersn6@i2i.jp,Male,109.115.6.31
836,Anna,Reid,areidn7@nhs.uk,Female,118.103.53.160
837,Julie,Carpenter,jcarpentern8@bing.com,Female,54.4.141.140
838,Antonio,Alvarez,aalvarezn9@huffingtonpost.com,Male,126.54.244.246
839,Deborah,Harrison,dharrisonna@msu.edu,Female,208.206.191.206
840,Arthur,Flores,afloresnb@ifeng.com,Male,253.41.43.189
841,Teresa,Jackson,tjacksonnc@scientificamerican.com,Female,63.91.238.92
842,Susan,Murphy,smurphynd@dyndns.org,Female,80.171.191.187
843,Jack,Ramos,jramosne@bandcamp.com,Male,170.147.85.85
844,Wanda,Bradley,wbradleynf@businessweek.com,Female,2.190.82.121
845,Gary,Olson,golsonng@prweb.com,Male,154.235.155.170
846,Betty,White,bwhitenh@youtube.com,Female,59.118.166.52
847,Thomas,Spencer,tspencerni@homestead.com,Male,182.49.215.94
848,Roger,Bishop,rbishopnj@cargocollective.com,Male,234.58.71.219
849,Ralph,Garrett,rgarrettnk@nps.gov,Male,150.156.138.101
850,Aaron,Jordan,ajordannl@businessweek.com,Male,182.113.165.242
851,Lawrence,Ramirez,lramireznm@desdev.cn,Male,196.75.32.36
852,Shirley,Banks,sbanksnn@cloudflare.com,Female,2.45.16.39
853,Roy,Green,rgreenno@opera.com,Male,8.76.122.19
854,Phillip,King,pkingnp@census.gov,Male,33.196.131.227
855,Scott,Burke,sburkenq@nifty.com,Male,99.55.43.248
856,Carol,Richardson,crichardsonnr@com.com,Female,160.24.179.130
857,Patrick,Berry,pberryns@quantcast.com,Male,113.60.69.40
858,Mark,Hall,mhallnt@vimeo.com,Male,203.53.244.40
859,Clarence,Burke,cburkenu@cdbaby.com,Male,109.77.3.130
860,Betty,Stephens,bstephensnv@blogger.com,Female,38.121.38.22
861,Jesse,Johnston,jjohnstonnw@qq.com,Male,71.134.241.181
862,Phyllis,Smith,psmithnx@chron.com,Female,106.162.45.156
863,Catherine,Brooks,cbrooksny@tripod.com,Female,60.111.161.23
864,Keith,Frazier,kfraziernz@deviantart.com,Male,170.199.46.5
865,Jason,Cook,jcooko0@alexa.com,Male,130.6.85.75
866,Emily,Edwards,eedwardso1@nhs.uk,Female,19.238.63.137
867,Russell,Carr,rcarro2@hubpages.com,Male,79.71.110.50
868,John,Black,jblacko3@51.la,Male,133.228.17.133
869,Johnny,Hansen,jhanseno4@typepad.com,Male,198.184.106.150
870,Jack,Mason,jmasono5@is.gd,Male,203.81.31.79
871,Diane,Perez,dperezo6@epa.gov,Female,95.70.21.81
872,Walter,Hudson,whudsono7@tuttocitta.it,Male,66.61.60.130
873,Kenneth,Mcdonald,kmcdonaldo8@t-online.de,Male,147.226.236.37
874,Joseph,Torres,jtorreso9@cocolog-nifty.com,Male,244.36.51.152
875,Dorothy,Hawkins,dhawkinsoa@edublogs.org,Female,155.10.145.62
876,Annie,Black,ablackob@theguardian.com,Female,124.225.92.133
877,Judith,Cooper,jcooperoc@is.gd,Female,191.119.78.131
878,Lisa,Gomez,lgomezod@deviantart.com,Female,105.160.129.94
879,Wayne,Young,wyoungoe@ihg.com,Male,2.68.63.106
880,Jerry,Russell,jrussellof@weather.com,Male,40.225.194.69
881,Roger,Reynolds,rreynoldsog@aboutads.info,Male,76.208.224.154
882,Helen,Payne,hpayneoh@independent.co.uk,Female,51.160.191.177
883,Nicole,Parker,nparkeroi@live.com,Female,205.81.85.157
884,Albert,Price,apriceoj@engadget.com,Male,11.201.98.139
885,Sean,Robinson,srobinsonok@baidu.com,Male,5.19.147.172
886,Kathleen,Hunt,khuntol@biglobe.ne.jp,Female,72.67.129.245
887,Albert,Green,agreenom@wikipedia.org,Male,201.59.139.10
888,Brandon,Bowman,bbowmanon@posterous.com,Male,123.38.112.195
889,Deborah,Pierce,dpierceoo@yahoo.co.jp,Female,227.197.32.45
890,Angela,Richardson,arichardsonop@webeden.co.uk,Female,49.133.68.153
891,Cynthia,Garcia,cgarciaoq@marketwatch.com,Female,199.40.209.98
892,Martin,Powell,mpowellor@netvibes.com,Male,222.62.36.23
893,Jennifer,Campbell,jcampbellos@cnbc.com,Female,128.220.29.197
894,Irene,Knight,iknightot@weebly.com,Female,198.100.228.111
895,Kathryn,Cook,kcookou@illinois.edu,Female,219.112.91.252
896,Nicole,Young,nyoungov@rambler.ru,Female,89.171.1.98
897,Jacqueline,Thompson,jthompsonow@state.gov,Female,102.216.5.43
898,Edward,Alexander,ealexanderox@usnews.com,Male,88.114.63.255
899,Margaret,Fisher,mfisheroy@patch.com,Female,242.151.216.75
900,Carl,Lane,claneoz@canalblog.com,Male,165.142.177.246
901,Joshua,Ramirez,jramirezp0@opera.com,Male,209.163.16.38
902,Richard,Collins,rcollinsp1@bluehost.com,Male,131.130.158.126
903,Paula,Owens,powensp2@linkedin.com,Female,112.107.70.167
904,Richard,Stewart,rstewartp3@google.cn,Male,50.85.47.132
905,Angela,Hanson,ahansonp4@slashdot.org,Female,198.105.254.204
906,Judith,Adams,jadamsp5@kickstarter.com,Female,255.75.184.31
907,Harry,Marshall,hmarshallp6@seattletimes.com,Male,2.39.236.44
908,Joseph,Butler,jbutlerp7@canalblog.com,Male,9.89.32.92
909,Sharon,Washington,swashingtonp8@twitter.com,Female,52.191.242.98
910,Lori,Nguyen,lnguyenp9@bloomberg.com,Female,11.153.114.34
911,Annie,Ortiz,aortizpa@infoseek.co.jp,Female,42.220.154.38
912,Raymond,Medina,rmedinapb@comcast.net,Male,148.155.149.238
913,Stephen,Olson,solsonpc@ibm.com,Male,22.188.150.183
914,Kenneth,Flores,kflorespd@multiply.com,Male,210.158.230.63
915,Ann,Roberts,arobertspe@fc2.com,Female,214.81.198.22
916,Craig,Elliott,celliottpf@etsy.com,Male,216.124.23.224
917,Edward,Austin,eaustinpg@mtv.com,Male,107.131.212.250
918,Martin,Bell,mbellph@imgur.com,Male,193.173.171.35
919,Peter,Sanders,psanderspi@yale.edu,Male,239.99.232.174
920,Janet,Brooks,jbrookspj@opera.com,Female,37.226.63.197
921,Emily,Allen,eallenpk@360.cn,Female,172.192.222.94
922,Edward,Spencer,espencerpl@hhs.gov,Male,218.209.20.26
923,Dorothy,Diaz,ddiazpm@themeforest.net,Female,70.100.194.190
924,Samuel,Miller,smillerpn@ibm.com,Male,47.42.3.84
925,Stephen,Jackson,sjacksonpo@microsoft.com,Male,234.143.226.133
926,Brandon,Marshall,bmarshallpp@omniture.com,Male,44.36.232.136
927,Roy,Scott,rscottpq@4shared.com,Male,221.6.99.180
928,Matthew,White,mwhitepr@google.ru,Male,229.133.175.108
929,Kathleen,Lee,kleeps@bloglines.com,Female,53.8.100.234
930,Melissa,Collins,mcollinspt@xrea.com,Female,134.239.63.139
931,Janet,Wilson,jwilsonpu@oakley.com,Female,160.50.186.63
932,Lawrence,Williams,lwilliamspv@comsenz.com,Male,168.95.252.136
933,Judith,Diaz,jdiazpw@topsy.com,Female,221.86.75.12
934,Susan,Daniels,sdanielspx@jalbum.net,Female,115.173.55.3
935,John,Johnson,jjohnsonpy@wiley.com,Male,5.6.101.13
936,Gloria,Price,gpricepz@cdbaby.com,Female,93.46.78.172
937,Jeffrey,Perez,jperezq0@twitpic.com,Male,212.227.175.16
938,Raymond,Hall,rhallq1@seattletimes.com,Male,249.83.97.63
939,Ruby,Richardson,rrichardsonq2@wp.com,Female,54.130.41.158
940,Chris,Ramos,cramosq3@amazon.com,Male,248.145.33.86
941,Justin,Boyd,jboydq4@ox.ac.uk,Male,40.202.208.129
942,Todd,Foster,tfosterq5@vk.com,Male,185.41.182.246
943,Christina,Ross,crossq6@prnewswire.com,Female,145.72.143.36
944,Jimmy,Moreno,jmorenoq7@ovh.net,Male,223.155.27.163
945,Denise,Hicks,dhicksq8@microsoft.com,Female,67.231.222.110
946,Sarah,Cook,scookq9@ehow.com,Female,189.182.164.172
947,Shirley,Kelly,skellyqa@cisco.com,Female,90.177.218.69
948,Lori,Stone,lstoneqb@deliciousdays.com,Female,69.79.254.32
949,Bruce,Ortiz,bortizqc@statcounter.com,Male,68.20.36.72
950,Cheryl,Palmer,cpalmerqd@bbc.co.uk,Female,238.106.79.223
951,Diana,Riley,drileyqe@squidoo.com,Female,55.236.51.9
952,Emily,Coleman,ecolemanqf@quantcast.com,Female,205.167.122.224
953,Carolyn,Bowman,cbowmanqg@sogou.com,Female,40.254.63.210
954,Juan,Cox,jcoxqh@gizmodo.com,Male,2.2.229.90
955,Bobby,Montgomery,bmontgomeryqi@plala.or.jp,Male,195.48.50.191
956,Craig,Ward,cwardqj@networkadvertising.org,Male,228.245.124.197
957,Anthony,Hall,ahallqk@usa.gov,Male,205.252.123.248
958,Diana,Wright,dwrightql@woothemes.com,Female,100.53.186.79
959,Jerry,Adams,jadamsqm@hugedomains.com,Male,157.227.118.204
960,Tina,King,tkingqn@dmoz.org,Female,142.32.66.196
961,Eric,Ellis,eellisqo@nationalgeographic.com,Male,29.169.51.27
962,Jacqueline,Moore,jmooreqp@ycombinator.com,Female,81.75.49.66
963,Amy,Long,alongqq@dot.gov,Female,39.38.102.67
964,Jerry,Simmons,jsimmonsqr@businessweek.com,Male,166.250.54.15
965,Matthew,Hamilton,mhamiltonqs@eventbrite.com,Male,97.127.189.94
966,Brenda,Alvarez,balvarezqt@rakuten.co.jp,Female,131.13.128.115
967,Kimberly,Dean,kdeanqu@hexun.com,Female,170.147.35.222
968,Angela,Mitchell,amitchellqv@zimbio.com,Female,38.194.15.104
969,Wanda,Daniels,wdanielsqw@vkontakte.ru,Female,138.60.218.116
970,Phyllis,Reed,preedqx@istockphoto.com,Female,47.6.113.106
971,Benjamin,Lawson,blawsonqy@bing.com,Male,228.20.126.68
972,Shirley,Hayes,shayesqz@nifty.com,Female,187.230.190.172
973,Scott,King,skingr0@salon.com,Male,154.234.148.97
974,Judith,Ruiz,jruizr1@jigsy.com,Female,106.69.58.245
975,Douglas,Cooper,dcooperr2@apache.org,Male,246.247.21.201
976,Judith,Wallace,jwallacer3@hc360.com,Female,5.70.185.107
977,Jacqueline,Carpenter,jcarpenterr4@vistaprint.com,Female,79.62.31.29
978,Heather,Rose,hroser5@accuweather.com,Female,195.73.102.94
979,Lawrence,Cole,lcoler6@scribd.com,Male,25.64.182.0
980,Sarah,Stewart,sstewartr7@chronoengine.com,Female,113.41.189.61
981,Debra,Fowler,dfowlerr8@mit.edu,Female,16.52.230.2
982,Phyllis,Cunningham,pcunninghamr9@java.com,Female,182.105.203.3
983,Jesse,Foster,jfosterra@comcast.net,Male,97.219.253.107
984,Timothy,Gonzalez,tgonzalezrb@hugedomains.com,Male,200.227.193.196
985,Ann,Day,adayrc@bluehost.com,Female,253.64.247.166
986,Walter,Robinson,wrobinsonrd@timesonline.co.uk,Male,40.234.164.126
987,Antonio,Williams,awilliamsre@istockphoto.com,Male,194.42.121.4
988,Phillip,West,pwestrf@sourceforge.net,Male,156.139.249.244
989,Nicole,Turner,nturnerrg@ovh.net,Female,151.56.54.234
990,Sandra,Ray,srayrh@mail.ru,Female,223.61.45.97
991,Robert,Moreno,rmorenori@sciencedirect.com,Male,0.234.137.252
992,Rebecca,Hansen,rhansenrj@dailymotion.com,Female,38.122.88.111
993,Kathleen,Knight,kknightrk@rambler.ru,Female,84.195.202.36
994,Mildred,Day,mdayrl@topsy.com,Female,41.96.2.134
995,Aaron,Robertson,arobertsonrm@canalblog.com,Male,188.236.102.75
996,Jack,Clark,jclarkrn@whitehouse.gov,Male,235.209.143.141
997,Carlos,Powell,cpowellro@uiuc.edu,Male,16.122.121.244
998,George,Cox,gcoxrp@friendfeed.com,Male,50.142.222.71
999,David,Gonzales,dgonzalesrq@youku.com,Male,59.220.91.88
1000,Carol,Hart,chartrr@youtu.be,Female,207.143.131.193